customer_id,customer_name,email,country
1,Amanda Thomas,danielrice@watson.net,Cambodia
2,Ashley Medina,xsantiago@jordan.com,Dominican Republic
3,Carlos Brown,michaelhatfield@yahoo.com,Vietnam
4,Samuel Anderson,adamsmith@kim.com,Northern Mariana Islands
5,Heather Waller,cbrown@yahoo.com,France
6,Crystal Snyder,amythomas@gmail.com,Yemen
7,Andrea Torres,dstewart@hotmail.com,Afghanistan
8,Kimberly Hoffman,hchan@hotmail.com,Yemen
9,Emily Thompson,reneeyoung@hotmail.com,Niue
10,Jeffrey Meyer,nicholsbrian@phillips.com,Gambia
11,Julie Hill,paulsheri@gmail.com,Togo
12,Troy Johnson,michelle05@davis-harrison.net,Senegal
13,Joel Pearson,douglasyoung@hotmail.com,China
14,Danielle Cohen,nunezjames@clark-odonnell.biz,Sweden
15,Walter Harrison,charlespollard@edwards-kent.org,French Polynesia
16,Pamela Allen,holly09@hotmail.com,Botswana
17,Jennifer Montgomery PhD,raymondmichele@hotmail.com,Swaziland
18,Elizabeth Roberts,dnunez@velez-kemp.net,Andorra
19,Sherri Lang,james53@gmail.com,Singapore
20,Cassandra Stein,lorischwartz@vincent.com,Malawi
21,Claudia Ward,halldonald@hotmail.com,Iraq
22,Joe Carlson,shannonmurphy@hotmail.com,Jersey
23,Mark White,deanstephen@herring.com,Seychelles
24,Courtney Peterson,vanessa53@murphy-owens.net,Romania
25,Ariel Shaffer,elizabeth16@smith.biz,Nauru
26,Stephen Cervantes,jason79@white-porter.com,Heard Island and McDonald Islands
27,Steven Carter,christopher18@day.biz,Macao
28,Michelle Frost,hallwilliam@davis-diaz.com,Bangladesh
29,Gina Brooks,ashley67@james-dominguez.com,French Southern Territories
30,Robin Beltran,sandranguyen@yahoo.com,Central African Republic
31,Marie Hunt,morganjacqueline@gmail.com,New Zealand
32,Melissa Montoya,zjordan@brown-meyer.com,Dominica
33,Eric Harris,edward49@hotmail.com,Guyana
34,Richard Woodard,jasmine72@hotmail.com,Costa Rica
35,Michael Cunningham,thomaslevy@wilson-jones.com,Bermuda
36,Adam Holland,debra28@branch.biz,United Kingdom
37,Ashley Simmons,wardjason@gmail.com,Panama
38,David Moon,sherryalvarez@chandler-cannon.com,Israel
39,Nicole Burgess,christian88@gmail.com,Kiribati
40,Robert Miles,alec25@nelson-prince.info,Guadeloupe
41,Mary Rivers,qraymond@rivera.biz,Macao
42,Candace Moore,kylebush@yahoo.com,Christmas Island
43,Beverly Williams,rebeccawilson@palmer.com,Norfolk Island
44,Dalton Bryant,fowlerdonald@gmail.com,Tuvalu
45,Garrett Fernandez,tyler86@armstrong-harris.com,Saint Kitts and Nevis
46,Jessica Moore,brett06@hart.com,Norway
47,Carmen White,bradley58@cobb.com,Bulgaria
48,Christopher Robinson,novakkenneth@hotmail.com,Tonga
49,Matthew Herrera,achan@gmail.com,Dominican Republic
50,Zachary Yates,fuentesmegan@yahoo.com,Nicaragua
51,Laurie Jenkins,rhondacohen@ward-henson.com,Netherlands
52,Dennis Green,amanda27@walker-lee.biz,Morocco
53,Cody King,michelle38@hoffman.com,New Zealand
54,Benjamin Mata,loretta09@cannon.org,Burkina Faso
55,Kathryn Rogers,newmandawn@yahoo.com,Bulgaria
56,Angela Thomas DVM,fgarcia@schmitt-chavez.com,Tajikistan
57,William Hoffman,mcdonaldamanda@hotmail.com,Oman
58,Todd Lopez,daniel44@gmail.com,Mauritius
59,Brittany Martin,matthew02@li.com,Algeria
60,Jennifer Thompson,kathryn11@gmail.com,Benin
61,Billy Sanchez,jacobmartin@yahoo.com,Slovakia (Slovak Republic)
62,Nicholas Frazier,huntmary@lin.com,Haiti
63,Kevin Lane,ericdelacruz@wood.biz,Belarus
64,Ashley Benitez,shelly22@waters-jones.com,Guernsey
65,Robert Mcdonald,lanedarlene@hotmail.com,Tajikistan
66,Dr. James Reynolds,martinjohn@gmail.com,Mozambique
67,Frederick Strong,todd33@hotmail.com,Belize
68,Philip Watkins,jeromelopez@smith.net,Burkina Faso
69,Kenneth Morales,littlejay@yahoo.com,Vanuatu
70,Kenneth Edwards,erinmyers@henderson-thompson.com,Saint Kitts and Nevis
71,Andrea Mckinney,heathermontgomery@yahoo.com,Kenya
72,Laura Hunt,randallritter@foster.com,Kiribati
73,Lisa Peterson,mercedes60@yahoo.com,Rwanda
74,Michael Morgan MD,leedawn@yahoo.com,Kenya
75,Kevin Pratt,sschultz@rodriguez.com,Barbados
76,Michael Gross,jeffreychase@casey.com,New Caledonia
77,Brian Ho,nathanboone@hotmail.com,Sweden
78,Jennifer Smith,wthompson@gmail.com,Sweden
79,Christopher Juarez,susan75@sanders.com,Cambodia
80,Alan Russell,sheila40@evans.net,South Africa
81,Stacy Faulkner,nbennett@espinoza-williams.org,Antigua and Barbuda
82,Tyler Ward,fharvey@gmail.com,Italy
83,James Booth,heather38@hotmail.com,Guatemala
84,Adam Marshall,qschneider@gmail.com,Qatar
85,Michelle Haley,ricardodelgado@yahoo.com,Belarus
86,Jason Murray,beckterri@gmail.com,Gambia
87,Jeffrey Smith,cathy56@gmail.com,Libyan Arab Jamahiriya
88,Veronica Miller,haynesdoris@yahoo.com,Myanmar
89,Amy Romero,christopherparker@gilbert.com,Indonesia
90,Anthony Alexander,batesclaudia@yahoo.com,Eritrea
91,Miguel Castillo,bakerkathleen@spencer.com,Zambia
92,Chad Edwards,rachel78@price-flores.org,Tanzania
93,Heather Campos,fosternancy@yahoo.com,Honduras
94,Corey Simpson,pagelawrence@williamson.com,Namibia
95,Steven Jordan,longmichael@harrison.com,Cuba
96,Adrian Meadows,mackenzieyoung@thomas.com,Korea
97,Jennifer Ward,stacey17@hotmail.com,Denmark
98,Sara Thomas,vperry@yahoo.com,Benin
99,Craig Hall,theresa98@yahoo.com,Trinidad and Tobago
100,Lisa Baldwin,ydavis@hotmail.com,Costa Rica
